AC,F1,SN,SP,CCR,MCC
0.4838709677419355,0.5428571428571429,0.4634146341463415,0.5238095238095238,0.4936120789779327,-0.012118116979464482
