AC,F1,SN,SP,CCR,MCC
0.8271604938271605,0.8703703703703703,0.9038461538461539,0.6896551724137931,0.7967506631299734,0.6159682778257408
